spectrum_type,shard_key,file,rows
IR,AA,spectral_descriptor_shards/IR/AA.csv,7
IR,AB,spectral_descriptor_shards/IR/AB.csv,8
IR,AC,spectral_descriptor_shards/IR/AC.csv,8
IR,AD,spectral_descriptor_shards/IR/AD.csv,3
IR,AE,spectral_descriptor_shards/IR/AE.csv,6
IR,AF,spectral_descriptor_shards/IR/AF.csv,17
IR,AG,spectral_descriptor_shards/IR/AG.csv,6
IR,AH,spectral_descriptor_shards/IR/AH.csv,4
IR,AI,spectral_descriptor_shards/IR/AI.csv,8
IR,AJ,spectral_descriptor_shards/IR/AJ.csv,8
IR,AK,spectral_descriptor_shards/IR/AK.csv,6
IR,AL,spectral_descriptor_shards/IR/AL.csv,10
IR,AM,spectral_descriptor_shards/IR/AM.csv,4
IR,AN,spectral_descriptor_shards/IR/AN.csv,7
IR,AO,spectral_descriptor_shards/IR/AO.csv,9
IR,AP,spectral_descriptor_shards/IR/AP.csv,2
IR,AQ,spectral_descriptor_shards/IR/AQ.csv,5
IR,AR,spectral_descriptor_shards/IR/AR.csv,6
IR,AS,spectral_descriptor_shards/IR/AS.csv,3
IR,AT,spectral_descriptor_shards/IR/AT.csv,8
IR,AU,spectral_descriptor_shards/IR/AU.csv,8
IR,AV,spectral_descriptor_shards/IR/AV.csv,10
IR,AW,spectral_descriptor_shards/IR/AW.csv,6
IR,AX,spectral_descriptor_shards/IR/AX.csv,4
IR,AY,spectral_descriptor_shards/IR/AY.csv,1
IR,AZ,spectral_descriptor_shards/IR/AZ.csv,1
IR,BA,spectral_descriptor_shards/IR/BA.csv,17
IR,BB,spectral_descriptor_shards/IR/BB.csv,7
IR,BC,spectral_descriptor_shards/IR/BC.csv,3
IR,BD,spectral_descriptor_shards/IR/BD.csv,8
IR,BE,spectral_descriptor_shards/IR/BE.csv,5
IR,BF,spectral_descriptor_shards/IR/BF.csv,8
IR,BG,spectral_descriptor_shards/IR/BG.csv,10
IR,BH,spectral_descriptor_shards/IR/BH.csv,13
IR,BI,spectral_descriptor_shards/IR/BI.csv,4
IR,BJ,spectral_descriptor_shards/IR/BJ.csv,4
IR,BK,spectral_descriptor_shards/IR/BK.csv,6
IR,BL,spectral_descriptor_shards/IR/BL.csv,7
IR,BM,spectral_descriptor_shards/IR/BM.csv,2
IR,BN,spectral_descriptor_shards/IR/BN.csv,10
IR,BO,spectral_descriptor_shards/IR/BO.csv,7
IR,BP,spectral_descriptor_shards/IR/BP.csv,4
IR,BQ,spectral_descriptor_shards/IR/BQ.csv,3
IR,BR,spectral_descriptor_shards/IR/BR.csv,6
IR,BS,spectral_descriptor_shards/IR/BS.csv,14
IR,BT,spectral_descriptor_shards/IR/BT.csv,11
IR,BU,spectral_descriptor_shards/IR/BU.csv,7
IR,BV,spectral_descriptor_shards/IR/BV.csv,9
IR,BW,spectral_descriptor_shards/IR/BW.csv,7
IR,BX,spectral_descriptor_shards/IR/BX.csv,5
IR,BY,spectral_descriptor_shards/IR/BY.csv,6
IR,BZ,spectral_descriptor_shards/IR/BZ.csv,8
IR,CA,spectral_descriptor_shards/IR/CA.csv,4
IR,CB,spectral_descriptor_shards/IR/CB.csv,8
IR,CC,spectral_descriptor_shards/IR/CC.csv,3
IR,CD,spectral_descriptor_shards/IR/CD.csv,9
IR,CE,spectral_descriptor_shards/IR/CE.csv,8
IR,CF,spectral_descriptor_shards/IR/CF.csv,11
IR,CG,spectral_descriptor_shards/IR/CG.csv,5
IR,CH,spectral_descriptor_shards/IR/CH.csv,12
IR,CI,spectral_descriptor_shards/IR/CI.csv,5
IR,CJ,spectral_descriptor_shards/IR/CJ.csv,8
IR,CK,spectral_descriptor_shards/IR/CK.csv,6
IR,CL,spectral_descriptor_shards/IR/CL.csv,6
IR,CM,spectral_descriptor_shards/IR/CM.csv,8
IR,CN,spectral_descriptor_shards/IR/CN.csv,10
IR,CP,spectral_descriptor_shards/IR/CP.csv,7
IR,CQ,spectral_descriptor_shards/IR/CQ.csv,7
IR,CR,spectral_descriptor_shards/IR/CR.csv,17
IR,CS,spectral_descriptor_shards/IR/CS.csv,8
IR,CT,spectral_descriptor_shards/IR/CT.csv,3
IR,CU,spectral_descriptor_shards/IR/CU.csv,9
IR,CV,spectral_descriptor_shards/IR/CV.csv,6
IR,CW,spectral_descriptor_shards/IR/CW.csv,9
IR,CX,spectral_descriptor_shards/IR/CX.csv,6
IR,CY,spectral_descriptor_shards/IR/CY.csv,7
IR,CZ,spectral_descriptor_shards/IR/CZ.csv,15
IR,DA,spectral_descriptor_shards/IR/DA.csv,6
IR,DB,spectral_descriptor_shards/IR/DB.csv,2
IR,DC,spectral_descriptor_shards/IR/DC.csv,10
IR,DD,spectral_descriptor_shards/IR/DD.csv,4
IR,DE,spectral_descriptor_shards/IR/DE.csv,8
IR,DF,spectral_descriptor_shards/IR/DF.csv,3
IR,DG,spectral_descriptor_shards/IR/DG.csv,9
IR,DH,spectral_descriptor_shards/IR/DH.csv,10
IR,DI,spectral_descriptor_shards/IR/DI.csv,9
IR,DJ,spectral_descriptor_shards/IR/DJ.csv,6
IR,DK,spectral_descriptor_shards/IR/DK.csv,12
IR,DL,spectral_descriptor_shards/IR/DL.csv,12
IR,DM,spectral_descriptor_shards/IR/DM.csv,13
IR,DN,spectral_descriptor_shards/IR/DN.csv,9
IR,DO,spectral_descriptor_shards/IR/DO.csv,12
IR,DP,spectral_descriptor_shards/IR/DP.csv,8
IR,DQ,spectral_descriptor_shards/IR/DQ.csv,5
IR,DR,spectral_descriptor_shards/IR/DR.csv,4
IR,DS,spectral_descriptor_shards/IR/DS.csv,8
IR,DT,spectral_descriptor_shards/IR/DT.csv,6
IR,DU,spectral_descriptor_shards/IR/DU.csv,6
IR,DV,spectral_descriptor_shards/IR/DV.csv,5
IR,DW,spectral_descriptor_shards/IR/DW.csv,2
IR,DX,spectral_descriptor_shards/IR/DX.csv,3
IR,DY,spectral_descriptor_shards/IR/DY.csv,8
IR,DZ,spectral_descriptor_shards/IR/DZ.csv,8
IR,FA,spectral_descriptor_shards/IR/FA.csv,7
IR,FB,spectral_descriptor_shards/IR/FB.csv,6
IR,FC,spectral_descriptor_shards/IR/FC.csv,9
IR,FD,spectral_descriptor_shards/IR/FD.csv,8
IR,FE,spectral_descriptor_shards/IR/FE.csv,5
IR,FF,spectral_descriptor_shards/IR/FF.csv,9
IR,FG,spectral_descriptor_shards/IR/FG.csv,8
IR,FH,spectral_descriptor_shards/IR/FH.csv,6
IR,FI,spectral_descriptor_shards/IR/FI.csv,6
IR,FJ,spectral_descriptor_shards/IR/FJ.csv,7
IR,FK,spectral_descriptor_shards/IR/FK.csv,3
IR,FL,spectral_descriptor_shards/IR/FL.csv,5
IR,FM,spectral_descriptor_shards/IR/FM.csv,9
IR,FN,spectral_descriptor_shards/IR/FN.csv,6
IR,FO,spectral_descriptor_shards/IR/FO.csv,8
IR,FP,spectral_descriptor_shards/IR/FP.csv,7
IR,FQ,spectral_descriptor_shards/IR/FQ.csv,5
IR,FR,spectral_descriptor_shards/IR/FR.csv,8
IR,FS,spectral_descriptor_shards/IR/FS.csv,4
IR,FT,spectral_descriptor_shards/IR/FT.csv,6
IR,FU,spectral_descriptor_shards/IR/FU.csv,8
IR,FV,spectral_descriptor_shards/IR/FV.csv,2
IR,FW,spectral_descriptor_shards/IR/FW.csv,5
IR,FX,spectral_descriptor_shards/IR/FX.csv,9
IR,FY,spectral_descriptor_shards/IR/FY.csv,6
IR,FZ,spectral_descriptor_shards/IR/FZ.csv,8
IR,GA,spectral_descriptor_shards/IR/GA.csv,4
IR,GB,spectral_descriptor_shards/IR/GB.csv,9
IR,GC,spectral_descriptor_shards/IR/GC.csv,3
IR,GD,spectral_descriptor_shards/IR/GD.csv,7
IR,GE,spectral_descriptor_shards/IR/GE.csv,12
IR,GF,spectral_descriptor_shards/IR/GF.csv,4
IR,GG,spectral_descriptor_shards/IR/GG.csv,6
IR,GH,spectral_descriptor_shards/IR/GH.csv,9
IR,GI,spectral_descriptor_shards/IR/GI.csv,6
IR,GJ,spectral_descriptor_shards/IR/GJ.csv,9
IR,GK,spectral_descriptor_shards/IR/GK.csv,7
IR,GL,spectral_descriptor_shards/IR/GL.csv,5
IR,GM,spectral_descriptor_shards/IR/GM.csv,2
IR,GN,spectral_descriptor_shards/IR/GN.csv,6
IR,GO,spectral_descriptor_shards/IR/GO.csv,7
IR,GP,spectral_descriptor_shards/IR/GP.csv,12
IR,GQ,spectral_descriptor_shards/IR/GQ.csv,2
IR,GR,spectral_descriptor_shards/IR/GR.csv,8
IR,GS,spectral_descriptor_shards/IR/GS.csv,6
IR,GT,spectral_descriptor_shards/IR/GT.csv,4
IR,GU,spectral_descriptor_shards/IR/GU.csv,14
IR,GV,spectral_descriptor_shards/IR/GV.csv,10
IR,GW,spectral_descriptor_shards/IR/GW.csv,9
IR,GX,spectral_descriptor_shards/IR/GX.csv,4
IR,GY,spectral_descriptor_shards/IR/GY.csv,8
IR,GZ,spectral_descriptor_shards/IR/GZ.csv,14
IR,HA,spectral_descriptor_shards/IR/HA.csv,4
IR,HB,spectral_descriptor_shards/IR/HB.csv,4
IR,HC,spectral_descriptor_shards/IR/HC.csv,6
IR,HD,spectral_descriptor_shards/IR/HD.csv,7
IR,HE,spectral_descriptor_shards/IR/HE.csv,6
IR,HF,spectral_descriptor_shards/IR/HF.csv,16
IR,HG,spectral_descriptor_shards/IR/HG.csv,5
IR,HH,spectral_descriptor_shards/IR/HH.csv,8
IR,HI,spectral_descriptor_shards/IR/HI.csv,5
IR,HJ,spectral_descriptor_shards/IR/HJ.csv,11
IR,HK,spectral_descriptor_shards/IR/HK.csv,7
IR,HL,spectral_descriptor_shards/IR/HL.csv,7
IR,HM,spectral_descriptor_shards/IR/HM.csv,5
IR,HN,spectral_descriptor_shards/IR/HN.csv,7
IR,HO,spectral_descriptor_shards/IR/HO.csv,6
IR,HP,spectral_descriptor_shards/IR/HP.csv,7
IR,HQ,spectral_descriptor_shards/IR/HQ.csv,13
IR,HR,spectral_descriptor_shards/IR/HR.csv,6
IR,HS,spectral_descriptor_shards/IR/HS.csv,8
IR,HT,spectral_descriptor_shards/IR/HT.csv,9
IR,HU,spectral_descriptor_shards/IR/HU.csv,4
IR,HV,spectral_descriptor_shards/IR/HV.csv,11
IR,HW,spectral_descriptor_shards/IR/HW.csv,1
IR,HX,spectral_descriptor_shards/IR/HX.csv,8
IR,HY,spectral_descriptor_shards/IR/HY.csv,7
IR,HZ,spectral_descriptor_shards/IR/HZ.csv,3
IR,IA,spectral_descriptor_shards/IR/IA.csv,16
IR,IB,spectral_descriptor_shards/IR/IB.csv,12
IR,IC,spectral_descriptor_shards/IR/IC.csv,10
IR,ID,spectral_descriptor_shards/IR/ID.csv,8
IR,IE,spectral_descriptor_shards/IR/IE.csv,4
IR,IF,spectral_descriptor_shards/IR/IF.csv,2
IR,IG,spectral_descriptor_shards/IR/IG.csv,3
IR,IH,spectral_descriptor_shards/IR/IH.csv,5
IR,II,spectral_descriptor_shards/IR/II.csv,9
IR,IJ,spectral_descriptor_shards/IR/IJ.csv,6
IR,IK,spectral_descriptor_shards/IR/IK.csv,6
IR,IL,spectral_descriptor_shards/IR/IL.csv,5
IR,IM,spectral_descriptor_shards/IR/IM.csv,12
IR,IN,spectral_descriptor_shards/IR/IN.csv,6
IR,IO,spectral_descriptor_shards/IR/IO.csv,7
IR,IP,spectral_descriptor_shards/IR/IP.csv,8
IR,IQ,spectral_descriptor_shards/IR/IQ.csv,8
IR,IR,spectral_descriptor_shards/IR/IR.csv,10
IR,IS,spectral_descriptor_shards/IR/IS.csv,12
IR,IT,spectral_descriptor_shards/IR/IT.csv,1
IR,IU,spectral_descriptor_shards/IR/IU.csv,5
IR,IV,spectral_descriptor_shards/IR/IV.csv,5
IR,IW,spectral_descriptor_shards/IR/IW.csv,5
IR,IX,spectral_descriptor_shards/IR/IX.csv,5
IR,IY,spectral_descriptor_shards/IR/IY.csv,9
IR,IZ,spectral_descriptor_shards/IR/IZ.csv,4
IR,JA,spectral_descriptor_shards/IR/JA.csv,6
IR,JB,spectral_descriptor_shards/IR/JB.csv,12
IR,JC,spectral_descriptor_shards/IR/JC.csv,7
IR,JD,spectral_descriptor_shards/IR/JD.csv,6
IR,JE,spectral_descriptor_shards/IR/JE.csv,6
IR,JF,spectral_descriptor_shards/IR/JF.csv,7
IR,JG,spectral_descriptor_shards/IR/JG.csv,6
IR,JH,spectral_descriptor_shards/IR/JH.csv,5
IR,JI,spectral_descriptor_shards/IR/JI.csv,8
IR,JJ,spectral_descriptor_shards/IR/JJ.csv,12
IR,JK,spectral_descriptor_shards/IR/JK.csv,5
IR,JL,spectral_descriptor_shards/IR/JL.csv,14
IR,JM,spectral_descriptor_shards/IR/JM.csv,9
IR,JN,spectral_descriptor_shards/IR/JN.csv,6
IR,JO,spectral_descriptor_shards/IR/JO.csv,8
IR,JP,spectral_descriptor_shards/IR/JP.csv,7
IR,JQ,spectral_descriptor_shards/IR/JQ.csv,7
IR,JR,spectral_descriptor_shards/IR/JR.csv,9
IR,JS,spectral_descriptor_shards/IR/JS.csv,5
IR,JT,spectral_descriptor_shards/IR/JT.csv,8
IR,JU,spectral_descriptor_shards/IR/JU.csv,3
IR,JV,spectral_descriptor_shards/IR/JV.csv,9
IR,JW,spectral_descriptor_shards/IR/JW.csv,7
IR,JX,spectral_descriptor_shards/IR/JX.csv,11
IR,JY,spectral_descriptor_shards/IR/JY.csv,4
IR,JZ,spectral_descriptor_shards/IR/JZ.csv,6
IR,KA,spectral_descriptor_shards/IR/KA.csv,7
IR,KB,spectral_descriptor_shards/IR/KB.csv,8
IR,KC,spectral_descriptor_shards/IR/KC.csv,3
IR,KD,spectral_descriptor_shards/IR/KD.csv,9
IR,KE,spectral_descriptor_shards/IR/KE.csv,10
IR,KF,spectral_descriptor_shards/IR/KF.csv,6
IR,KG,spectral_descriptor_shards/IR/KG.csv,7
IR,KH,spectral_descriptor_shards/IR/KH.csv,2
IR,KI,spectral_descriptor_shards/IR/KI.csv,5
IR,KJ,spectral_descriptor_shards/IR/KJ.csv,7
IR,KK,spectral_descriptor_shards/IR/KK.csv,3
IR,KL,spectral_descriptor_shards/IR/KL.csv,6
IR,KM,spectral_descriptor_shards/IR/KM.csv,11
IR,KN,spectral_descriptor_shards/IR/KN.csv,4
IR,KO,spectral_descriptor_shards/IR/KO.csv,1
IR,KP,spectral_descriptor_shards/IR/KP.csv,6
IR,KQ,spectral_descriptor_shards/IR/KQ.csv,6
IR,KR,spectral_descriptor_shards/IR/KR.csv,4
IR,KS,spectral_descriptor_shards/IR/KS.csv,4
IR,KT,spectral_descriptor_shards/IR/KT.csv,3
IR,KU,spectral_descriptor_shards/IR/KU.csv,6
IR,KV,spectral_descriptor_shards/IR/KV.csv,8
IR,KW,spectral_descriptor_shards/IR/KW.csv,15
IR,KX,spectral_descriptor_shards/IR/KX.csv,6
IR,KY,spectral_descriptor_shards/IR/KY.csv,6
IR,KZ,spectral_descriptor_shards/IR/KZ.csv,7
IR,LA,spectral_descriptor_shards/IR/LA.csv,7
IR,LB,spectral_descriptor_shards/IR/LB.csv,6
IR,LC,spectral_descriptor_shards/IR/LC.csv,8
IR,LD,spectral_descriptor_shards/IR/LD.csv,9
IR,LE,spectral_descriptor_shards/IR/LE.csv,6
IR,LF,spectral_descriptor_shards/IR/LF.csv,14
IR,LG,spectral_descriptor_shards/IR/LG.csv,10
IR,LH,spectral_descriptor_shards/IR/LH.csv,8
IR,LI,spectral_descriptor_shards/IR/LI.csv,11
IR,LJ,spectral_descriptor_shards/IR/LJ.csv,5
IR,LK,spectral_descriptor_shards/IR/LK.csv,2
IR,LL,spectral_descriptor_shards/IR/LL.csv,6
IR,LM,spectral_descriptor_shards/IR/LM.csv,5
IR,LN,spectral_descriptor_shards/IR/LN.csv,2
IR,LO,spectral_descriptor_shards/IR/LO.csv,3
IR,LP,spectral_descriptor_shards/IR/LP.csv,5
IR,LQ,spectral_descriptor_shards/IR/LQ.csv,11
IR,LR,spectral_descriptor_shards/IR/LR.csv,10
IR,LS,spectral_descriptor_shards/IR/LS.csv,9
IR,LT,spectral_descriptor_shards/IR/LT.csv,11
IR,LU,spectral_descriptor_shards/IR/LU.csv,9
IR,LV,spectral_descriptor_shards/IR/LV.csv,10
IR,LW,spectral_descriptor_shards/IR/LW.csv,4
IR,LX,spectral_descriptor_shards/IR/LX.csv,7
IR,LY,spectral_descriptor_shards/IR/LY.csv,8
IR,LZ,spectral_descriptor_shards/IR/LZ.csv,6
IR,MA,spectral_descriptor_shards/IR/MA.csv,6
IR,MB,spectral_descriptor_shards/IR/MB.csv,5
IR,MC,spectral_descriptor_shards/IR/MC.csv,9
IR,MD,spectral_descriptor_shards/IR/MD.csv,4
IR,ME,spectral_descriptor_shards/IR/ME.csv,4
IR,MF,spectral_descriptor_shards/IR/MF.csv,10
IR,MG,spectral_descriptor_shards/IR/MG.csv,9
IR,MH,spectral_descriptor_shards/IR/MH.csv,3
IR,MI,spectral_descriptor_shards/IR/MI.csv,3
IR,MJ,spectral_descriptor_shards/IR/MJ.csv,2
IR,MK,spectral_descriptor_shards/IR/MK.csv,6
IR,ML,spectral_descriptor_shards/IR/ML.csv,10
IR,MM,spectral_descriptor_shards/IR/MM.csv,6
IR,MN,spectral_descriptor_shards/IR/MN.csv,4
IR,MO,spectral_descriptor_shards/IR/MO.csv,7
IR,MP,spectral_descriptor_shards/IR/MP.csv,5
IR,MQ,spectral_descriptor_shards/IR/MQ.csv,6
IR,MR,spectral_descriptor_shards/IR/MR.csv,2
IR,MS,spectral_descriptor_shards/IR/MS.csv,5
IR,MT,spectral_descriptor_shards/IR/MT.csv,7
IR,MU,spectral_descriptor_shards/IR/MU.csv,6
IR,MV,spectral_descriptor_shards/IR/MV.csv,7
IR,MW,spectral_descriptor_shards/IR/MW.csv,10
IR,MX,spectral_descriptor_shards/IR/MX.csv,3
IR,MY,spectral_descriptor_shards/IR/MY.csv,6
IR,MZ,spectral_descriptor_shards/IR/MZ.csv,1
IR,NA,spectral_descriptor_shards/IR/NA.csv,7
IR,NB,spectral_descriptor_shards/IR/NB.csv,10
IR,NC,spectral_descriptor_shards/IR/NC.csv,3
IR,ND,spectral_descriptor_shards/IR/ND.csv,12
IR,NE,spectral_descriptor_shards/IR/NE.csv,10
IR,NF,spectral_descriptor_shards/IR/NF.csv,7
IR,NG,spectral_descriptor_shards/IR/NG.csv,6
IR,NH,spectral_descriptor_shards/IR/NH.csv,13
IR,NI,spectral_descriptor_shards/IR/NI.csv,9
IR,NJ,spectral_descriptor_shards/IR/NJ.csv,4
IR,NK,spectral_descriptor_shards/IR/NK.csv,10
IR,NL,spectral_descriptor_shards/IR/NL.csv,7
IR,NM,spectral_descriptor_shards/IR/NM.csv,6
IR,NN,spectral_descriptor_shards/IR/NN.csv,8
IR,NO,spectral_descriptor_shards/IR/NO.csv,8
IR,NP,spectral_descriptor_shards/IR/NP.csv,8
IR,NQ,spectral_descriptor_shards/IR/NQ.csv,9
IR,NR,spectral_descriptor_shards/IR/NR.csv,6
IR,NS,spectral_descriptor_shards/IR/NS.csv,2
IR,NT,spectral_descriptor_shards/IR/NT.csv,8
IR,NU,spectral_descriptor_shards/IR/NU.csv,8
IR,NV,spectral_descriptor_shards/IR/NV.csv,3
IR,NW,spectral_descriptor_shards/IR/NW.csv,7
IR,NX,spectral_descriptor_shards/IR/NX.csv,5
IR,NY,spectral_descriptor_shards/IR/NY.csv,4
IR,NZ,spectral_descriptor_shards/IR/NZ.csv,8
IR,OA,spectral_descriptor_shards/IR/OA.csv,7
IR,OB,spectral_descriptor_shards/IR/OB.csv,6
IR,OC,spectral_descriptor_shards/IR/OC.csv,9
IR,OD,spectral_descriptor_shards/IR/OD.csv,7
IR,OE,spectral_descriptor_shards/IR/OE.csv,4
IR,OF,spectral_descriptor_shards/IR/OF.csv,8
IR,OG,spectral_descriptor_shards/IR/OG.csv,9
IR,OH,spectral_descriptor_shards/IR/OH.csv,7
IR,OI,spectral_descriptor_shards/IR/OI.csv,12
IR,OJ,spectral_descriptor_shards/IR/OJ.csv,4
IR,OK,spectral_descriptor_shards/IR/OK.csv,12
IR,OL,spectral_descriptor_shards/IR/OL.csv,3
IR,OM,spectral_descriptor_shards/IR/OM.csv,5
IR,ON,spectral_descriptor_shards/IR/ON.csv,4
IR,OO,spectral_descriptor_shards/IR/OO.csv,3
IR,OP,spectral_descriptor_shards/IR/OP.csv,4
IR,OQ,spectral_descriptor_shards/IR/OQ.csv,4
IR,OR,spectral_descriptor_shards/IR/OR.csv,11
IR,OS,spectral_descriptor_shards/IR/OS.csv,9
IR,OT,spectral_descriptor_shards/IR/OT.csv,10
IR,OU,spectral_descriptor_shards/IR/OU.csv,2
IR,OV,spectral_descriptor_shards/IR/OV.csv,11
IR,OW,spectral_descriptor_shards/IR/OW.csv,4
IR,OX,spectral_descriptor_shards/IR/OX.csv,9
IR,OY,spectral_descriptor_shards/IR/OY.csv,6
IR,OZ,spectral_descriptor_shards/IR/OZ.csv,6
IR,PA,spectral_descriptor_shards/IR/PA.csv,14
IR,PB,spectral_descriptor_shards/IR/PB.csv,11
IR,PC,spectral_descriptor_shards/IR/PC.csv,10
IR,PD,spectral_descriptor_shards/IR/PD.csv,4
IR,PE,spectral_descriptor_shards/IR/PE.csv,6
IR,PF,spectral_descriptor_shards/IR/PF.csv,10
IR,PG,spectral_descriptor_shards/IR/PG.csv,5
IR,PH,spectral_descriptor_shards/IR/PH.csv,6
IR,PI,spectral_descriptor_shards/IR/PI.csv,5
IR,PJ,spectral_descriptor_shards/IR/PJ.csv,7
IR,PK,spectral_descriptor_shards/IR/PK.csv,6
IR,PL,spectral_descriptor_shards/IR/PL.csv,11
IR,PM,spectral_descriptor_shards/IR/PM.csv,5
IR,PN,spectral_descriptor_shards/IR/PN.csv,5
IR,PO,spectral_descriptor_shards/IR/PO.csv,9
IR,PP,spectral_descriptor_shards/IR/PP.csv,9
IR,PQ,spectral_descriptor_shards/IR/PQ.csv,10
IR,PR,spectral_descriptor_shards/IR/PR.csv,3
IR,PS,spectral_descriptor_shards/IR/PS.csv,7
IR,PT,spectral_descriptor_shards/IR/PT.csv,5
IR,PU,spectral_descriptor_shards/IR/PU.csv,2
IR,PV,spectral_descriptor_shards/IR/PV.csv,7
IR,PW,spectral_descriptor_shards/IR/PW.csv,8
IR,PX,spectral_descriptor_shards/IR/PX.csv,9
IR,PY,spectral_descriptor_shards/IR/PY.csv,7
IR,PZ,spectral_descriptor_shards/IR/PZ.csv,4
IR,QA,spectral_descriptor_shards/IR/QA.csv,6
IR,QB,spectral_descriptor_shards/IR/QB.csv,2
IR,QC,spectral_descriptor_shards/IR/QC.csv,15
IR,QD,spectral_descriptor_shards/IR/QD.csv,4
IR,QE,spectral_descriptor_shards/IR/QE.csv,5
IR,QF,spectral_descriptor_shards/IR/QF.csv,1
IR,QG,spectral_descriptor_shards/IR/QG.csv,6
IR,QH,spectral_descriptor_shards/IR/QH.csv,7
IR,QI,spectral_descriptor_shards/IR/QI.csv,10
IR,QJ,spectral_descriptor_shards/IR/QJ.csv,5
IR,QK,spectral_descriptor_shards/IR/QK.csv,7
IR,QL,spectral_descriptor_shards/IR/QL.csv,3
IR,QM,spectral_descriptor_shards/IR/QM.csv,8
IR,QN,spectral_descriptor_shards/IR/QN.csv,7
IR,QO,spectral_descriptor_shards/IR/QO.csv,5
IR,QP,spectral_descriptor_shards/IR/QP.csv,8
IR,QQ,spectral_descriptor_shards/IR/QQ.csv,5
IR,QR,spectral_descriptor_shards/IR/QR.csv,4
IR,QS,spectral_descriptor_shards/IR/QS.csv,5
IR,QT,spectral_descriptor_shards/IR/QT.csv,6
IR,QU,spectral_descriptor_shards/IR/QU.csv,17
IR,QV,spectral_descriptor_shards/IR/QV.csv,4
IR,QW,spectral_descriptor_shards/IR/QW.csv,11
IR,QX,spectral_descriptor_shards/IR/QX.csv,8
IR,QY,spectral_descriptor_shards/IR/QY.csv,6
IR,QZ,spectral_descriptor_shards/IR/QZ.csv,10
IR,RA,spectral_descriptor_shards/IR/RA.csv,4
IR,RB,spectral_descriptor_shards/IR/RB.csv,3
IR,RC,spectral_descriptor_shards/IR/RC.csv,5
IR,RD,spectral_descriptor_shards/IR/RD.csv,5
IR,RE,spectral_descriptor_shards/IR/RE.csv,9
IR,RF,spectral_descriptor_shards/IR/RF.csv,10
IR,RG,spectral_descriptor_shards/IR/RG.csv,8
IR,RH,spectral_descriptor_shards/IR/RH.csv,8
IR,RI,spectral_descriptor_shards/IR/RI.csv,17
IR,RJ,spectral_descriptor_shards/IR/RJ.csv,12
IR,RK,spectral_descriptor_shards/IR/RK.csv,4
IR,RL,spectral_descriptor_shards/IR/RL.csv,8
IR,RM,spectral_descriptor_shards/IR/RM.csv,6
IR,RN,spectral_descriptor_shards/IR/RN.csv,7
IR,RO,spectral_descriptor_shards/IR/RO.csv,10
IR,RP,spectral_descriptor_shards/IR/RP.csv,4
IR,RQ,spectral_descriptor_shards/IR/RQ.csv,6
IR,RR,spectral_descriptor_shards/IR/RR.csv,8
IR,RS,spectral_descriptor_shards/IR/RS.csv,5
IR,RT,spectral_descriptor_shards/IR/RT.csv,3
IR,RU,spectral_descriptor_shards/IR/RU.csv,12
IR,RV,spectral_descriptor_shards/IR/RV.csv,2
IR,RW,spectral_descriptor_shards/IR/RW.csv,14
IR,RX,spectral_descriptor_shards/IR/RX.csv,4
IR,RY,spectral_descriptor_shards/IR/RY.csv,6
IR,RZ,spectral_descriptor_shards/IR/RZ.csv,15
IR,SA,spectral_descriptor_shards/IR/SA.csv,5
IR,SB,spectral_descriptor_shards/IR/SB.csv,4
IR,SC,spectral_descriptor_shards/IR/SC.csv,7
IR,SD,spectral_descriptor_shards/IR/SD.csv,12
IR,SE,spectral_descriptor_shards/IR/SE.csv,8
IR,SF,spectral_descriptor_shards/IR/SF.csv,6
IR,SG,spectral_descriptor_shards/IR/SG.csv,3
IR,SH,spectral_descriptor_shards/IR/SH.csv,7
IR,SI,spectral_descriptor_shards/IR/SI.csv,2
IR,SJ,spectral_descriptor_shards/IR/SJ.csv,8
IR,SK,spectral_descriptor_shards/IR/SK.csv,3
IR,SL,spectral_descriptor_shards/IR/SL.csv,7
IR,SM,spectral_descriptor_shards/IR/SM.csv,13
IR,SN,spectral_descriptor_shards/IR/SN.csv,9
IR,SO,spectral_descriptor_shards/IR/SO.csv,9
IR,SP,spectral_descriptor_shards/IR/SP.csv,7
IR,SQ,spectral_descriptor_shards/IR/SQ.csv,9
IR,SR,spectral_descriptor_shards/IR/SR.csv,1
IR,SS,spectral_descriptor_shards/IR/SS.csv,8
IR,ST,spectral_descriptor_shards/IR/ST.csv,11
IR,SU,spectral_descriptor_shards/IR/SU.csv,15
IR,SV,spectral_descriptor_shards/IR/SV.csv,7
IR,SW,spectral_descriptor_shards/IR/SW.csv,5
IR,SX,spectral_descriptor_shards/IR/SX.csv,3
IR,SY,spectral_descriptor_shards/IR/SY.csv,3
IR,SZ,spectral_descriptor_shards/IR/SZ.csv,5
IR,TU,spectral_descriptor_shards/IR/TU.csv,5
IR,TV,spectral_descriptor_shards/IR/TV.csv,10
IR,TW,spectral_descriptor_shards/IR/TW.csv,4
IR,TX,spectral_descriptor_shards/IR/TX.csv,15
IR,TY,spectral_descriptor_shards/IR/TY.csv,7
IR,TZ,spectral_descriptor_shards/IR/TZ.csv,6
IR,UA,spectral_descriptor_shards/IR/UA.csv,9
IR,UB,spectral_descriptor_shards/IR/UB.csv,7
IR,UC,spectral_descriptor_shards/IR/UC.csv,7
IR,UD,spectral_descriptor_shards/IR/UD.csv,9
IR,UE,spectral_descriptor_shards/IR/UE.csv,7
IR,UF,spectral_descriptor_shards/IR/UF.csv,8
IR,UG,spectral_descriptor_shards/IR/UG.csv,4
IR,UH,spectral_descriptor_shards/IR/UH.csv,7
IR,UI,spectral_descriptor_shards/IR/UI.csv,9
IR,UJ,spectral_descriptor_shards/IR/UJ.csv,4
IR,UK,spectral_descriptor_shards/IR/UK.csv,1
IR,UL,spectral_descriptor_shards/IR/UL.csv,15
IR,UM,spectral_descriptor_shards/IR/UM.csv,9
IR,UN,spectral_descriptor_shards/IR/UN.csv,7
IR,UO,spectral_descriptor_shards/IR/UO.csv,7
IR,UP,spectral_descriptor_shards/IR/UP.csv,9
IR,UQ,spectral_descriptor_shards/IR/UQ.csv,6
IR,UR,spectral_descriptor_shards/IR/UR.csv,8
IR,US,spectral_descriptor_shards/IR/US.csv,5
IR,UT,spectral_descriptor_shards/IR/UT.csv,3
IR,UU,spectral_descriptor_shards/IR/UU.csv,5
IR,UV,spectral_descriptor_shards/IR/UV.csv,5
IR,UW,spectral_descriptor_shards/IR/UW.csv,10
IR,UX,spectral_descriptor_shards/IR/UX.csv,4
IR,UY,spectral_descriptor_shards/IR/UY.csv,6
IR,UZ,spectral_descriptor_shards/IR/UZ.csv,5
IR,VA,spectral_descriptor_shards/IR/VA.csv,8
IR,VB,spectral_descriptor_shards/IR/VB.csv,5
IR,VC,spectral_descriptor_shards/IR/VC.csv,6
IR,VD,spectral_descriptor_shards/IR/VD.csv,4
IR,VE,spectral_descriptor_shards/IR/VE.csv,11
IR,VF,spectral_descriptor_shards/IR/VF.csv,5
IR,VG,spectral_descriptor_shards/IR/VG.csv,9
IR,VH,spectral_descriptor_shards/IR/VH.csv,5
IR,VI,spectral_descriptor_shards/IR/VI.csv,7
IR,VJ,spectral_descriptor_shards/IR/VJ.csv,2
IR,VK,spectral_descriptor_shards/IR/VK.csv,5
IR,VL,spectral_descriptor_shards/IR/VL.csv,8
IR,VM,spectral_descriptor_shards/IR/VM.csv,7
IR,VN,spectral_descriptor_shards/IR/VN.csv,2
IR,VO,spectral_descriptor_shards/IR/VO.csv,16
IR,VP,spectral_descriptor_shards/IR/VP.csv,4
IR,VQ,spectral_descriptor_shards/IR/VQ.csv,9
IR,VR,spectral_descriptor_shards/IR/VR.csv,7
IR,VS,spectral_descriptor_shards/IR/VS.csv,6
IR,VT,spectral_descriptor_shards/IR/VT.csv,6
IR,VU,spectral_descriptor_shards/IR/VU.csv,10
IR,VV,spectral_descriptor_shards/IR/VV.csv,8
IR,VW,spectral_descriptor_shards/IR/VW.csv,1
IR,VX,spectral_descriptor_shards/IR/VX.csv,9
IR,VY,spectral_descriptor_shards/IR/VY.csv,8
IR,VZ,spectral_descriptor_shards/IR/VZ.csv,10
IR,WA,spectral_descriptor_shards/IR/WA.csv,6
IR,WB,spectral_descriptor_shards/IR/WB.csv,10
IR,WC,spectral_descriptor_shards/IR/WC.csv,4
IR,WD,spectral_descriptor_shards/IR/WD.csv,11
IR,WE,spectral_descriptor_shards/IR/WE.csv,15
IR,WF,spectral_descriptor_shards/IR/WF.csv,15
IR,WG,spectral_descriptor_shards/IR/WG.csv,14
IR,WH,spectral_descriptor_shards/IR/WH.csv,3
IR,WI,spectral_descriptor_shards/IR/WI.csv,3
IR,WJ,spectral_descriptor_shards/IR/WJ.csv,11
IR,WK,spectral_descriptor_shards/IR/WK.csv,5
IR,WL,spectral_descriptor_shards/IR/WL.csv,15
IR,WM,spectral_descriptor_shards/IR/WM.csv,11
IR,WN,spectral_descriptor_shards/IR/WN.csv,9
IR,WO,spectral_descriptor_shards/IR/WO.csv,5
IR,WP,spectral_descriptor_shards/IR/WP.csv,6
IR,WQ,spectral_descriptor_shards/IR/WQ.csv,7
IR,WR,spectral_descriptor_shards/IR/WR.csv,15
IR,WS,spectral_descriptor_shards/IR/WS.csv,13
IR,WT,spectral_descriptor_shards/IR/WT.csv,6
IR,WU,spectral_descriptor_shards/IR/WU.csv,4
IR,WV,spectral_descriptor_shards/IR/WV.csv,10
IR,WW,spectral_descriptor_shards/IR/WW.csv,5
IR,WX,spectral_descriptor_shards/IR/WX.csv,8
IR,WY,spectral_descriptor_shards/IR/WY.csv,16
IR,WZ,spectral_descriptor_shards/IR/WZ.csv,5
IR,XA,spectral_descriptor_shards/IR/XA.csv,6
IR,XB,spectral_descriptor_shards/IR/XB.csv,9
IR,XC,spectral_descriptor_shards/IR/XC.csv,6
IR,XD,spectral_descriptor_shards/IR/XD.csv,1
IR,XE,spectral_descriptor_shards/IR/XE.csv,6
IR,XF,spectral_descriptor_shards/IR/XF.csv,3
IR,XG,spectral_descriptor_shards/IR/XG.csv,3
IR,XH,spectral_descriptor_shards/IR/XH.csv,3
IR,XI,spectral_descriptor_shards/IR/XI.csv,5
IR,XJ,spectral_descriptor_shards/IR/XJ.csv,9
IR,XK,spectral_descriptor_shards/IR/XK.csv,10
IR,XL,spectral_descriptor_shards/IR/XL.csv,4
IR,XM,spectral_descriptor_shards/IR/XM.csv,15
IR,XN,spectral_descriptor_shards/IR/XN.csv,10
IR,XO,spectral_descriptor_shards/IR/XO.csv,3
IR,XP,spectral_descriptor_shards/IR/XP.csv,5
IR,XQ,spectral_descriptor_shards/IR/XQ.csv,2
IR,XR,spectral_descriptor_shards/IR/XR.csv,11
IR,XS,spectral_descriptor_shards/IR/XS.csv,9
IR,XT,spectral_descriptor_shards/IR/XT.csv,15
IR,XU,spectral_descriptor_shards/IR/XU.csv,6
IR,XV,spectral_descriptor_shards/IR/XV.csv,3
IR,XW,spectral_descriptor_shards/IR/XW.csv,2
IR,XX,spectral_descriptor_shards/IR/XX.csv,7
IR,XY,spectral_descriptor_shards/IR/XY.csv,4
IR,XZ,spectral_descriptor_shards/IR/XZ.csv,7
IR,YA,spectral_descriptor_shards/IR/YA.csv,5
IR,YB,spectral_descriptor_shards/IR/YB.csv,8
IR,YC,spectral_descriptor_shards/IR/YC.csv,7
IR,YD,spectral_descriptor_shards/IR/YD.csv,3
IR,YE,spectral_descriptor_shards/IR/YE.csv,6
IR,YF,spectral_descriptor_shards/IR/YF.csv,13
IR,YG,spectral_descriptor_shards/IR/YG.csv,8
IR,YH,spectral_descriptor_shards/IR/YH.csv,9
IR,YI,spectral_descriptor_shards/IR/YI.csv,10
IR,YJ,spectral_descriptor_shards/IR/YJ.csv,4
IR,YK,spectral_descriptor_shards/IR/YK.csv,10
IR,YL,spectral_descriptor_shards/IR/YL.csv,8
IR,YM,spectral_descriptor_shards/IR/YM.csv,6
IR,YN,spectral_descriptor_shards/IR/YN.csv,11
IR,YO,spectral_descriptor_shards/IR/YO.csv,9
IR,YP,spectral_descriptor_shards/IR/YP.csv,13
IR,YQ,spectral_descriptor_shards/IR/YQ.csv,8
IR,YR,spectral_descriptor_shards/IR/YR.csv,5
IR,YS,spectral_descriptor_shards/IR/YS.csv,7
IR,YT,spectral_descriptor_shards/IR/YT.csv,8
IR,YU,spectral_descriptor_shards/IR/YU.csv,5
IR,YV,spectral_descriptor_shards/IR/YV.csv,7
IR,YW,spectral_descriptor_shards/IR/YW.csv,8
IR,YX,spectral_descriptor_shards/IR/YX.csv,13
IR,YY,spectral_descriptor_shards/IR/YY.csv,10
IR,YZ,spectral_descriptor_shards/IR/YZ.csv,6
IR,ZA,spectral_descriptor_shards/IR/ZA.csv,8
IR,ZB,spectral_descriptor_shards/IR/ZB.csv,7
IR,ZC,spectral_descriptor_shards/IR/ZC.csv,8
IR,ZD,spectral_descriptor_shards/IR/ZD.csv,3
IR,ZE,spectral_descriptor_shards/IR/ZE.csv,5
IR,ZF,spectral_descriptor_shards/IR/ZF.csv,11
IR,ZG,spectral_descriptor_shards/IR/ZG.csv,2
IR,ZH,spectral_descriptor_shards/IR/ZH.csv,5
IR,ZI,spectral_descriptor_shards/IR/ZI.csv,8
IR,ZJ,spectral_descriptor_shards/IR/ZJ.csv,5
IR,ZK,spectral_descriptor_shards/IR/ZK.csv,5
IR,ZL,spectral_descriptor_shards/IR/ZL.csv,3
IR,ZM,spectral_descriptor_shards/IR/ZM.csv,10
IR,ZN,spectral_descriptor_shards/IR/ZN.csv,7
IR,ZO,spectral_descriptor_shards/IR/ZO.csv,8
IR,ZP,spectral_descriptor_shards/IR/ZP.csv,9
IR,ZQ,spectral_descriptor_shards/IR/ZQ.csv,5
IR,ZR,spectral_descriptor_shards/IR/ZR.csv,4
IR,ZS,spectral_descriptor_shards/IR/ZS.csv,8
IR,ZT,spectral_descriptor_shards/IR/ZT.csv,8
IR,ZU,spectral_descriptor_shards/IR/ZU.csv,5
IR,ZV,spectral_descriptor_shards/IR/ZV.csv,4
IR,ZW,spectral_descriptor_shards/IR/ZW.csv,12
IR,ZX,spectral_descriptor_shards/IR/ZX.csv,8
IR,ZY,spectral_descriptor_shards/IR/ZY.csv,8
IR,ZZ,spectral_descriptor_shards/IR/ZZ.csv,4
